time,ppt,pdsi
1958-01-01,182.54444444444445,-0.28243055555555485
1958-02-01,61.55902777777778,-1.0275694444444436
1958-03-01,147.2711805555556,1.6647916666666671
1958-04-01,86.31493055555556,2.276562500000001
1958-05-01,22.512500000000003,2.3078819444444454
1958-06-01,15.147569444444445,1.886562500000001
1958-07-01,4.372222222222223,1.5451736111111118
1958-08-01,0.29027777777777786,1.089236111111112
1958-09-01,36.97291666666667,1.451736111111112
1958-10-01,45.691319444444446,1.4602777777777787
1958-11-01,18.65138888888889,-0.4930555555555546
1958-12-01,129.6048611111111,-1.3658333333333321
1959-01-01,233.19479166666667,0.9761458333333345
1959-02-01,20.65868055555556,-0.8638888888888882
1959-03-01,25.23680555555556,-1.7094097222222215
1959-04-01,32.17881944444444,-2.2998611111111105
1959-05-01,25.39548611111111,-2.8578124999999996
1959-06-01,28.89236111111111,-2.4946527777777767
1959-07-01,27.590625000000003,-1.535937499999999
1959-08-01,7.9072916666666675,-1.3257291666666657
1959-09-01,4.594444444444445,-1.5943055555555548
1959-10-01,28.95381944444445,-1.5982291666666657
1959-11-01,63.219791666666666,-1.547013888888888
1959-12-01,189.9326388888889,-1.0458333333333327
1960-01-01,220.2541666666667,1.35732638888889
1960-02-01,76.5496527777778,0.9435069444444453
1960-03-01,53.68194444444445,0.2801388888888897
1960-04-01,53.66805555555556,0.6024305555555564
1960-05-01,27.220833333333335,0.027604166666667342
1960-06-01,11.28888888888889,-0.5729166666666657
1960-07-01,1.213541666666667,-0.8339236111111102
1960-08-01,0.6315972222222224,-0.9916319444444438
1960-09-01,10.653819444444444,-1.1274305555555548
1960-10-01,13.910069444444446,-1.6138541666666661
1960-11-01,35.56319444444445,-2.1197222222222214
1960-12-01,277.36944444444447,-0.6713194444444435
1961-01-01,96.9232638888889,-0.8647569444444435
1961-02-01,96.86458333333333,-0.7319444444444435
1961-03-01,36.858333333333334,-1.4137847222222213
1961-04-01,56.84444444444444,-1.3820833333333324
1961-05-01,23.06666666666667,-1.7737499999999993
1961-06-01,42.39930555555556,-1.1543055555555546
1961-07-01,4.399652777777778,-1.1995138888888879
1961-08-01,1.5236111111111112,-1.3038194444444435
1961-09-01,13.426388888888889,-1.3678819444444437
1961-10-01,6.253125000000001,-1.9004166666666658
1961-11-01,32.36805555555556,-2.419374999999999
1961-12-01,131.17916666666667,-2.653472222222222
1962-01-01,76.54062500000002,-3.0393749999999993
1962-02-01,144.85902777777778,-2.0299999999999994
1962-03-01,103.24722222222223,-1.2008333333333328
1962-04-01,60.532986111111114,-0.5195486111111103
1962-05-01,28.200694444444448,-0.2095833333333322
1962-06-01,6.259722222222222,-0.6790624999999991
1962-07-01,17.45486111111111,-0.21093749999999922
1962-08-01,2.838888888888889,-0.36913194444444347
1962-09-01,25.784375000000004,-0.13246527777777717
1962-10-01,45.41736111111111,0.43586805555555647
1962-11-01,65.98888888888888,0.3993402777777787
1962-12-01,311.40208333333334,2.3286805555555565
1963-01-01,198.79895833333336,2.9380208333333346
1963-02-01,200.0107638888889,4.081180555555557
1963-03-01,60.0923611111111,3.4425347222222236
1963-04-01,68.70520833333333,3.4981944444444455
1963-05-01,93.95,4.490972222222223
1963-06-01,26.880555555555556,5.129270833333335
1963-07-01,6.966319444444445,4.656562500000001
1963-08-01,0.7958333333333333,3.983784722222223
1963-09-01,1.875,3.1078819444444457
1963-10-01,41.484375,2.9544791666666677
1963-11-01,28.76215277777778,1.92763888888889
1963-12-01,170.89236111111111,1.5688888888888899
1964-01-01,49.09652777777777,-0.1010069444444435
1964-02-01,74.33715277777777,-1.2820833333333326
1964-03-01,95.71631944444445,-0.6513541666666658
1964-04-01,25.24201388888889,-1.5214583333333327
1964-05-01,28.668402777777786,-1.8416319444444436
1964-06-01,29.595833333333335,-1.518194444444444
1964-07-01,3.0802083333333337,-1.5549305555555548
1964-08-01,2.6017361111111112,-1.541701388888888
1964-09-01,63.345486111111114,0.8593750000000008
1964-10-01,5.1885416666666675,-0.5624652777777767
1964-11-01,64.26493055555555,-0.6891666666666657
1964-12-01,197.415625,0.1275000000000008
1965-01-01,105.58194444444445,-0.34194444444444383
1965-02-01,246.1184027777778,2.3885416666666672
1965-03-01,70.8263888888889,2.1613541666666674
1965-04-01,126.61111111111111,3.5515972222222234
1965-05-01,82.48645833333336,4.737465277777779
1965-06-01,7.319097222222222,5.06076388888889
1965-07-01,2.6430555555555557,4.380173611111112
1965-08-01,8.777083333333334,4.049756944444446
1965-09-01,0.4090277777777778,3.1256944444444454
1965-10-01,23.945486111111116,2.4996180555555565
1965-11-01,140.6746527777778,3.487291666666668
1965-12-01,191.08472222222224,4.145069444444446
1966-01-01,344.7916666666667,6.115277777777779
1966-02-01,34.69756944444445,4.661805555555556
1966-03-01,139.42534722222223,5.436562500000002
1966-04-01,75.55347222222223,5.484861111111112
1966-05-01,19.37118055555556,5.071770833333335
1966-06-01,40.532986111111114,4.98982638888889
1966-07-01,3.9409722222222223,4.337743055555557
1966-08-01,22.80173611111111,4.516631944444446
1966-09-01,36.04409722222223,4.50795138888889
1966-10-01,4.620833333333334,3.348090277777779
1966-11-01,68.95868055555555,2.8927430555555564
1966-12-01,295.91631944444447,4.04201388888889
1967-01-01,132.53298611111111,3.733472222222223
1967-02-01,39.888888888888886,2.626562500000001
1967-03-01,43.61145833333334,1.8527083333333343
1967-04-01,85.81145833333333,2.296736111111112
1967-05-01,47.61840277777778,2.5271180555555564
1967-06-01,13.029861111111112,2.2450000000000006
1967-07-01,11.06076388888889,2.16420138888889
1967-08-01,2.053125,1.7842013888888895
1967-09-01,16.43541666666667,1.5498958333333341
1967-10-01,43.113888888888894,1.5158333333333343
1967-11-01,30.22118055555556,0.319861111111112
1967-12-01,219.99131944444446,0.8159375000000009
1968-01-01,277.4375,2.600000000000001
1968-02-01,87.09791666666668,2.209722222222223
1968-03-01,69.42256944444446,1.9161805555555564
1968-04-01,18.110416666666666,1.0364930555555565
1968-05-01,28.456249999999997,-1.490312499999999
1968-06-01,39.741666666666674,-0.7702083333333323
1968-07-01,0.0,-1.1335069444444434
1968-08-01,11.303472222222222,-0.6907291666666658
1968-09-01,53.577083333333334,1.133472222222223
1968-10-01,46.036458333333336,1.4553819444444451
1968-11-01,50.02395833333334,1.0444444444444454
1968-12-01,196.00659722222224,1.242048611111112
1969-01-01,193.56354166666668,1.9211805555555561
1969-02-01,135.40312500000002,2.292534722222223
1969-03-01,74.96736111111112,2.2070833333333337
1969-04-01,54.493750000000006,2.2154513888888894
1969-05-01,33.99513888888889,2.1279166666666676
1969-06-01,15.590277777777779,1.681562500000001
1969-07-01,13.257291666666667,1.7128819444444454
1969-08-01,0.4659722222222222,1.2434375000000009
1969-09-01,2.9069444444444446,0.41423611111111186
1969-10-01,12.73402777777778,-0.6111805555555546
1969-11-01,31.090625000000003,-1.715624999999999
1969-12-01,346.7055555555556,1.9055555555555561
1970-01-01,109.3326388888889,1.594548611111112
1970-02-01,186.21284722222222,2.6341666666666677
1970-03-01,84.29583333333332,2.5089236111111117
1970-04-01,34.80173611111112,1.911423611111112
1970-05-01,35.21006944444444,1.3278472222222233
1970-06-01,22.395833333333332,1.1574652777777787
1970-07-01,9.614930555555555,1.1152430555555564
1970-08-01,0.640625,0.6978125000000007
1970-09-01,6.817361111111111,-0.03468749999999902
1970-10-01,53.47465277777778,0.6268402777777785
1970-11-01,59.350347222222226,0.2509722222222232
1970-12-01,116.14097222222225,-0.6242361111111102
1971-01-01,84.23229166666665,-1.2705208333333324
1971-02-01,157.44756944444447,0.6744097222222231
1971-03-01,159.14305555555555,2.4893055555555565
1971-04-01,35.033680555555556,2.0730555555555563
1971-05-01,30.759722222222226,1.7398958333333345
1971-06-01,34.10694444444445,1.8250347222222234
1971-07-01,25.936458333333334,2.3376388888888897
1971-08-01,20.723958333333332,2.6799305555555564
1971-09-01,31.93576388888889,2.7510069444444456
1971-10-01,49.24513888888889,2.7996180555555563
1971-11-01,103.08784722222224,3.1506597222222235
1971-12-01,110.75243055555558,2.653437500000001
1972-01-01,63.08923611111111,1.722500000000001
1972-02-01,89.01666666666668,1.4211111111111119
1972-03-01,35.306250000000006,-0.6480555555555547
1972-04-01,140.49062500000002,1.7825347222222234
1972-05-01,52.46180555555556,2.3461458333333343
1972-06-01,43.753125,3.0025347222222236
1972-07-01,19.075694444444444,3.2100694444444455
1972-08-01,23.599305555555556,3.604618055555556
1972-09-01,63.09722222222222,4.397986111111113
1972-10-01,128.21145833333335,6.144201388888891
1972-11-01,57.84166666666667,5.676770833333334
1972-12-01,8.354861111111113,4.17607638888889
1973-01-01,82.86666666666667,2.863055555555557
1973-02-01,183.0201388888889,3.6209722222222234
1973-03-01,70.54895833333335,3.218923611111112
1973-04-01,79.92361111111113,3.6156597222222238
1973-05-01,16.029861111111114,3.3706944444444455
1973-06-01,28.015972222222224,3.0770833333333343
1973-07-01,10.729166666666666,2.8500347222222238
1973-08-01,1.4815972222222225,2.3684027777777787
1973-09-01,9.866319444444445,1.8701388888888897
1973-10-01,47.79027777777778,1.9525000000000006
1973-11-01,70.2513888888889,1.7326736111111123
1973-12-01,135.31909722222224,1.3028819444444453
1974-01-01,48.51527777777778,-0.2997569444444435
1974-02-01,129.68229166666666,0.45885416666666745
1974-03-01,108.875,1.3558680555555565
1974-04-01,52.78715277777778,1.3512847222222233
1974-05-01,40.84756944444445,1.4928819444444454
1974-06-01,28.643402777777776,1.5339930555555565
1974-07-01,1.5819444444444446,1.113472222222223
1974-08-01,20.272222222222222,1.620694444444445
1974-09-01,27.23715277777778,1.676458333333334
1974-10-01,46.92673611111112,1.744270833333334
1974-11-01,85.80208333333333,1.8989583333333344
1974-12-01,109.92881944444444,1.3334027777777788
1975-01-01,107.31006944444445,0.9253819444444452
1975-02-01,37.592013888888886,-0.6490624999999992
1975-03-01,83.6923611111111,-0.43711805555555455
1975-04-01,48.88784722222223,-0.4213888888888879
1975-05-01,44.88923611111111,0.23694444444444518
1975-06-01,37.81388888888889,0.936875000000001
1975-07-01,0.9204861111111112,0.5036458333333342
1975-08-01,10.120486111111113,0.8056250000000007
1975-09-01,6.825347222222224,0.10434027777777859
1975-10-01,17.746180555555554,-0.4046874999999992
1975-11-01,115.82569444444445,0.9284722222222229
1975-12-01,164.70381944444446,1.3592708333333343
1976-01-01,113.16006944444445,1.1495833333333343
1976-02-01,57.155208333333334,0.08625000000000098
1976-03-01,43.009375000000006,-0.8039583333333326
1976-04-01,91.98958333333333,0.8063194444444451
1976-05-01,64.34201388888889,1.612673611111112
1976-06-01,15.44236111111111,1.7640277777777786
1976-07-01,15.030902777777776,1.9449652777777784
1976-08-01,5.2406250000000005,1.78826388888889
1976-09-01,1.3444444444444446,1.1111458333333344
1976-10-01,83.19166666666668,2.18170138888889
1976-11-01,41.936458333333334,1.5514236111111117
1976-12-01,214.26770833333336,1.9875694444444454
1977-01-01,103.29861111111111,1.6047916666666675
1977-02-01,71.75104166666668,1.048159722222223
1977-03-01,45.64965277777778,-0.34079861111111037
1977-04-01,58.86736111111112,-0.4167361111111102
1977-05-01,5.027430555555556,-1.6419791666666663
1977-06-01,15.070486111111112,-1.6978472222222214
1977-07-01,5.133680555555555,-1.6373958333333325
1977-08-01,1.5826388888888892,-1.6595138888888878
1977-09-01,20.24791666666667,-1.4468402777777767
1977-10-01,23.690624999999997,-1.5220833333333326
1977-11-01,78.77708333333334,-1.1825694444444435
1977-12-01,138.41458333333333,-1.2385069444444439
1978-01-01,165.68958333333336,-0.2269791666666658
1978-02-01,153.02743055555555,1.1990277777777787
1978-03-01,86.67881944444444,1.3624305555555563
1978-04-01,59.592708333333334,1.5264930555555567
1978-05-01,24.726041666666667,1.336145833333334
1978-06-01,4.852083333333334,0.46076388888888964
1978-07-01,0.4711805555555556,-0.2023958333333325
1978-08-01,0.845138888888889,-0.6854513888888881
1978-09-01,89.24722222222222,1.9547569444444453
1978-10-01,56.24201388888889,2.3180208333333345
1978-11-01,63.95277777777778,1.9122916666666674
1978-12-01,60.698263888888896,0.44604166666666767
1979-01-01,253.6385416666667,1.4282291666666675
1979-02-01,65.89687500000001,0.6297569444444451
1979-03-01,42.41423611111111,-1.0026041666666654
1979-04-01,41.659375000000004,-1.3300347222222215
1979-05-01,59.45868055555556,-1.0351388888888882
1979-06-01,16.448958333333334,-0.9850694444444438
1979-07-01,3.6822916666666665,-1.0371527777777767
1979-08-01,3.7979166666666675,-0.9906597222222217
1979-09-01,3.0298611111111113,-1.3334722222222213
1979-10-01,39.738194444444446,-1.0423611111111102
1979-11-01,94.23298611111112,-0.05784722222222147
1979-12-01,143.99583333333334,0.1856250000000008
1980-01-01,179.23333333333335,1.1291666666666678
1980-02-01,30.956944444444453,-0.5597569444444436
1980-03-01,107.36666666666666,0.8354513888888899
1980-04-01,52.946875000000006,0.9518402777777789
1980-05-01,38.388888888888886,1.1387152777777785
1980-06-01,46.77777777777778,1.7079166666666676
1980-07-01,1.1180555555555556,1.2938194444444453
1980-08-01,2.141666666666667,1.0037152777777787
1980-09-01,10.419097222222224,0.6064583333333341
1980-10-01,18.964930555555558,-0.2682986111111102
1980-11-01,88.03750000000001,0.4022916666666678
1980-12-01,235.52986111111113,1.403750000000001
1981-01-01,279.7611111111111,2.9792708333333344
1981-02-01,82.95798611111111,2.5088541666666675
1981-03-01,49.93159722222223,1.7644791666666673
1981-04-01,14.794097222222225,-0.295138888888888
1981-05-01,49.78472222222222,-1.2713194444444436
1981-06-01,9.805208333333335,-1.9030208333333327
1981-07-01,3.1930555555555555,-1.9020833333333325
1981-08-01,4.068402777777778,-1.8033333333333321
1981-09-01,14.72951388888889,-1.7232291666666653
1981-10-01,18.514236111111114,-1.9393749999999992
1981-11-01,121.28819444444444,-0.8075347222222214
1981-12-01,392.4302083333334,3.9105902777777795
1982-01-01,95.8857638888889,3.2245486111111124
1982-02-01,51.650000000000006,2.317500000000001
1982-03-01,61.838541666666664,1.9329166666666673
1982-04-01,72.52395833333334,2.2385069444444445
1982-05-01,67.50729166666667,2.9377777777777787
1982-06-01,11.987847222222221,2.9271875000000005
1982-07-01,13.677430555555556,2.9487500000000013
1982-08-01,3.810763888888889,2.62201388888889
1982-09-01,3.9541666666666675,1.9747916666666674
1982-10-01,35.53090277777778,1.7739583333333344
1982-11-01,21.232986111111114,0.09902777777777858
1982-12-01,109.98854166666668,-1.8141319444444433
1983-01-01,116.73645833333336,-1.9877430555555549
1983-02-01,87.75486111111111,-1.8030902777777769
1983-03-01,42.201388888888886,-2.165590277777777
1983-04-01,46.45347222222223,-2.1843402777777765
1983-05-01,30.338541666666668,-2.4390972222222214
1983-06-01,28.956250000000004,-2.0208333333333326
1983-07-01,27.415625,-0.8101736111111104
1983-08-01,7.006597222222222,-0.6384722222222211
1983-09-01,14.888194444444444,-0.6417708333333324
1983-10-01,20.11215277777778,-0.9656597222222215
1983-11-01,165.28958333333333,2.0174305555555563
1983-12-01,53.46215277777778,1.4313888888888897
1984-01-01,152.65625,1.6339236111111122
1984-02-01,98.84687500000001,1.52826388888889
1984-03-01,112.12118055555555,2.242187500000001
1984-04-01,96.80000000000001,3.109236111111113
1984-05-01,10.182986111111113,3.0031597222222235
1984-06-01,6.146180555555556,2.1956250000000015
1984-07-01,20.42013888888889,2.3909027777777783
1984-08-01,5.095833333333333,2.1210069444444453
1984-09-01,2.8288194444444446,1.4740277777777786
1984-10-01,2.1343750000000004,-0.3807638888888883
1984-11-01,47.579861111111114,-1.293402777777777
1984-12-01,46.045138888888886,-2.5095486111111103
1985-01-01,231.84201388888889,-2.004756944444443
1985-02-01,83.15,-1.8891319444444439
1985-03-01,85.65555555555557,-1.2753819444444434
1985-04-01,17.759722222222223,-1.8036805555555548
1985-05-01,44.80520833333334,-1.9336805555555552
1985-06-01,7.919097222222222,-2.13704861111111
1985-07-01,1.2638888888888888,-2.172395833333333
1985-08-01,6.273611111111112,-1.9411111111111101
1985-09-01,1.182638888888889,-2.2234027777777765
1985-10-01,30.54513888888889,-2.0818402777777774
1985-11-01,69.08055555555556,-1.8519444444444437
1985-12-01,65.98750000000001,-2.4939236111111103
1986-01-01,199.69895833333334,-1.8851041666666661
1986-02-01,140.3371527777778,-1.0872569444444435
1986-03-01,19.985763888888886,-1.9422916666666659
1986-04-01,29.712152777777785,-2.7088194444444436
1986-05-01,15.935069444444444,-3.4431944444444436
1986-06-01,27.007291666666667,-3.0285069444444437
1986-07-01,1.0972222222222223,-2.989479166666666
1986-08-01,8.217708333333334,-2.61361111111111
1986-09-01,39.19375,-1.8163888888888882
1986-10-01,23.08090277777778,-1.9040624999999993
1986-11-01,8.065625000000002,-2.827152777777777
1986-12-01,184.21666666666667,-2.483229166666666
1987-01-01,233.02743055555553,-0.7039236111111102
1987-02-01,49.05069444444445,-1.3342361111111103
1987-03-01,71.809375,-1.0310069444444439
1987-04-01,56.454166666666666,-0.657812499999999
1987-05-01,20.181250000000002,-0.6179861111111102
1987-06-01,7.91388888888889,-1.0564583333333326
1987-07-01,8.193402777777779,-0.9095486111111105
1987-08-01,1.0979166666666669,-1.063124999999999
1987-09-01,9.075000000000001,-1.2488888888888878
1987-10-01,11.639930555555557,-1.6506249999999991
1987-11-01,90.74652777777777,-0.9704861111111102
1987-12-01,127.57777777777778,-0.9087152777777772
1988-01-01,52.97430555555556,-1.696354166666666
1988-02-01,101.43298611111112,-1.3761805555555544
1988-03-01,128.61631944444446,0.7986805555555563
1988-04-01,36.127430555555556,0.5895833333333343
1988-05-01,15.728819444444444,-0.4189583333333324
1988-06-01,6.8604166666666675,-0.9982986111111098
1988-07-01,1.8767361111111112,-1.2433333333333323
1988-08-01,10.148958333333333,-0.952812499999999
1988-09-01,2.6767361111111114,-1.3235416666666662
1988-10-01,26.043750000000003,-1.3597222222222216
1988-11-01,116.58993055555555,0.3234027777777786
1988-12-01,96.8076388888889,-0.13274305555555477
1989-01-01,10.778125000000001,-1.4085416666666657
1989-02-01,19.84861111111111,-2.283402777777777
1989-03-01,58.010763888888896,-2.66048611111111
1989-04-01,9.605555555555556,-4.051388888888888
1989-05-01,42.42152777777778,-4.207465277777777
1989-06-01,11.620486111111113,-4.11361111111111
1989-07-01,2.086111111111111,-3.962638888888888
1989-08-01,4.436111111111111,-3.6553472222222214
1989-09-01,6.550694444444444,-3.6218055555555555
1989-10-01,58.32222222222223,-2.6735069444444433
1989-11-01,123.01006944444443,-1.4042708333333325
1989-12-01,123.18194444444445,-1.120763888888888
1990-01-01,12.028125000000001,-2.0295486111111103
1990-02-01,86.60312500000002,-2.1092708333333325
1990-03-01,3.3760416666666666,-3.3885069444444436
1990-04-01,39.21909722222223,-3.900347222222221
1990-05-01,20.57638888888889,-4.400069444444444
1990-06-01,22.900694444444444,-4.0380208333333325
1990-07-01,3.360763888888889,-3.831562499999999
1990-08-01,10.02951388888889,-3.301874999999999
1990-09-01,34.59722222222223,-2.5397222222222213
1990-10-01,22.388541666666672,-2.5766666666666658
1990-11-01,42.236111111111114,-2.818541666666666
1990-12-01,207.48194444444445,-2.2263541666666655
1991-01-01,46.245138888888896,-2.779201388888888
1991-02-01,53.17986111111111,-3.0751041666666654
1991-03-01,57.02361111111112,-3.0880902777777766
1991-04-01,47.014583333333334,-2.818472222222221
1991-05-01,75.86006944444445,-1.793124999999999
1991-06-01,10.629166666666668,-1.458090277777777
1991-07-01,4.780555555555556,-1.2994444444444437
1991-08-01,13.144097222222221,-0.47180555555555476
1991-09-01,3.070486111111111,-0.7982986111111102
1991-10-01,30.541666666666668,-0.8035416666666656
1991-11-01,33.95659722222222,-1.5542708333333324
1991-12-01,135.44930555555558,-1.7852777777777773
1992-01-01,3.8854166666666665,-2.7088194444444436
1992-02-01,22.12847222222222,-3.349791666666666
1992-03-01,66.7371527777778,-3.2514236111111106
1992-04-01,56.16076388888889,-3.1719791666666657
1992-05-01,31.68854166666667,-3.3011458333333326
1992-06-01,42.73090277777778,-2.4845833333333327
1992-07-01,26.0,-1.2368055555555546
1992-08-01,5.572916666666667,-1.1191319444444434
1992-09-01,0.020833333333333336,-1.5568749999999991
1992-10-01,29.544097222222224,-1.6688194444444433
1992-11-01,62.608680555555566,-1.7349652777777766
1992-12-01,82.83680555555556,-2.3267708333333323
1993-01-01,78.38090277777779,-2.8963888888888882
1993-02-01,121.7784722222222,-2.3066319444444434
1993-03-01,73.39479166666668,-2.1014583333333325
1993-04-01,43.192708333333336,-1.9557291666666659
1993-05-01,62.9701388888889,-0.969374999999999
1993-06-01,15.702430555555557,-0.7505208333333325
1993-07-01,1.3895833333333334,-0.8845138888888878
1993-08-01,2.0315972222222225,-0.958055555555555
1993-09-01,1.7930555555555554,-1.4228472222222215
1993-10-01,12.012152777777779,-1.9175694444444435
1993-11-01,90.50937500000002,-1.4433333333333325
1993-12-01,95.52534722222224,-1.808437499999999
1994-01-01,74.36527777777779,-2.240902777777777
1994-02-01,76.94861111111112,-2.2772222222222216
1994-03-01,63.111111111111114,-2.2823958333333323
1994-04-01,51.16111111111112,-2.1223263888888884
1994-05-01,39.14861111111111,-2.179618055555555
1994-06-01,25.788541666666667,-1.9279513888888882
1994-07-01,14.098958333333334,-1.493090277777777
1994-08-01,2.126388888888889,-1.5059374999999993
1994-09-01,11.028819444444444,-1.5984722222222214
1994-10-01,67.61041666666668,-0.3527083333333327
1994-11-01,84.06805555555555,0.06312500000000089
1994-12-01,107.93923611111111,-0.37402777777777707
1995-01-01,160.86527777777778,0.06600694444444538
1995-02-01,26.63888888888889,-1.2524652777777767
1995-03-01,110.8482638888889,0.10218750000000076
1995-04-01,41.22638888888889,-0.20288194444444352
1995-05-01,31.601736111111116,-0.39829861111111003
1995-06-01,7.93263888888889,-0.8053472222222214
1995-07-01,14.306597222222226,-0.32086805555555475
1995-08-01,9.82986111111111,0.053993055555556335
1995-09-01,32.16979166666667,0.6355208333333343
1995-10-01,21.75347222222222,-0.18795138888888785
1995-11-01,97.33194444444445,0.7774652777777786
1995-12-01,104.2527777777778,0.01277777777777869
1996-01-01,51.932291666666664,-1.0064583333333323
1996-02-01,139.0128472222222,0.40819444444444536
1996-03-01,63.635763888888896,-0.03704861111111038
1996-04-01,45.80520833333333,0.1617708333333342
1996-05-01,24.819791666666667,-0.2775347222222216
1996-06-01,5.965625,-0.8666319444444436
1996-07-01,3.567013888888889,-0.9490277777777769
1996-08-01,3.115972222222222,-0.9697222222222214
1996-09-01,67.99479166666667,1.2994097222222232
1996-10-01,35.06458333333333,1.2632291666666677
1996-11-01,46.85625,0.407986111111112
1996-12-01,131.6135416666667,-0.7536805555555548
1997-01-01,62.33333333333334,-1.6145486111111103
1997-02-01,52.77361111111111,-2.080729166666666
1997-03-01,94.24583333333334,-1.5143749999999991
1997-04-01,93.34479166666668,0.7509027777777787
1997-05-01,23.07326388888889,1.4526736111111118
1997-06-01,26.04826388888889,1.3642708333333342
1997-07-01,4.286805555555556,1.0906944444444453
1997-08-01,24.92326388888889,1.8183333333333342
1997-09-01,4.606597222222224,1.2749305555555566
1997-10-01,103.30486111111112,2.7423958333333345
1997-11-01,41.27534722222222,2.210347222222223
1997-12-01,164.79444444444445,2.0974305555555564
1998-01-01,78.54375,1.4187500000000008
1998-02-01,63.87847222222222,0.5054166666666676
1998-03-01,84.97881944444445,0.7464236111111121
1998-04-01,37.33888888888889,0.06260416666666756
1998-05-01,89.09722222222223,1.2952777777777786
1998-06-01,9.520138888888889,1.2714583333333342
1998-07-01,4.886458333333334,1.0738888888888896
1998-08-01,0.42152777777777783,0.6689236111111119
1998-09-01,33.016666666666666,1.063125000000001
1998-10-01,41.17326388888889,1.0414930555555566
1998-11-01,78.92777777777779,1.1319444444444453
1998-12-01,176.8621527777778,1.3684027777777787
1999-01-01,111.2482638888889,1.0762847222222232
1999-02-01,187.88368055555554,2.253437500000001
1999-03-01,86.48993055555555,2.2421527777777785
1999-04-01,25.996875000000003,1.5401041666666675
1999-05-01,7.380208333333333,-0.8651041666666656
1999-06-01,15.25590277777778,-1.3206249999999988
1999-07-01,12.329166666666667,-1.0694791666666659
1999-08-01,9.116319444444445,-0.8804513888888881
1999-09-01,31.914930555555557,-0.051145833333332606
1999-10-01,16.88888888888889,-0.793159722222221
1999-11-01,61.22256944444444,-0.9718402777777774
1999-12-01,69.84409722222223,-1.7177777777777767
2000-01-01,87.77951388888889,-2.353124999999999
2000-02-01,100.54409722222223,-2.1102083333333326
2000-03-01,73.48020833333334,-1.8809027777777771
2000-04-01,83.01319444444445,-0.6772222222222213
2000-05-01,27.494097222222223,0.02260416666666772
2000-06-01,4.684722222222224,-0.6478472222222214
2000-07-01,2.8739583333333334,-0.9367708333333327
2000-08-01,11.31666666666667,-0.464826388888888
2000-09-01,5.638888888888889,-1.0289930555555549
2000-10-01,40.7982638888889,-0.6953124999999992
2000-11-01,36.14618055555556,-1.4911458333333323
2000-12-01,64.45937500000001,-2.329826388888888
2001-01-01,31.244097222222226,-3.2588194444444434
2001-02-01,51.34340277777778,-3.732812499999999
2001-03-01,37.478125000000006,-4.721875
2001-04-01,68.49826388888889,-4.754791666666666
2001-05-01,51.234375,-4.7723958333333325
2001-06-01,4.566666666666666,-4.96361111111111
2001-07-01,6.551041666666666,-4.63579861111111
2001-08-01,19.30104166666667,-3.7211111111111106
2001-09-01,18.730208333333337,-3.3897569444444438
2001-10-01,2.966666666666667,-3.9029166666666657
2001-11-01,195.94965277777777,-1.1998611111111106
2001-12-01,288.7496527777778,4.376909722222223
2002-01-01,85.73541666666668,3.5821875000000016
2002-02-01,29.202777777777776,2.3133680555555562
2002-03-01,75.53680555555556,1.9507986111111117
2002-04-01,73.34861111111111,2.210798611111112
2002-05-01,13.950694444444444,1.6735763888888897
2002-06-01,2.673958333333333,0.5298611111111121
2002-07-01,14.055555555555557,0.5316319444444455
2002-08-01,11.959722222222224,0.6860069444444452
2002-09-01,64.140625,2.1242013888888898
2002-10-01,36.56180555555555,1.9612500000000008
2002-11-01,57.89097222222222,1.5140625000000008
2002-12-01,117.38506944444445,0.6252083333333341
2003-01-01,119.86145833333336,-0.21996527777777677
2003-02-01,161.33923611111112,1.3177083333333341
2003-03-01,40.74583333333334,0.12309027777777863
2003-04-01,86.47777777777777,1.15013888888889
2003-05-01,40.37083333333333,1.2957638888888896
2003-06-01,8.520138888888889,0.6250694444444451
2003-07-01,0.1763888888888889,0.056909722222222986
2003-08-01,2.8802083333333335,-0.28572916666666587
2003-09-01,6.474652777777779,-0.8705208333333325
2003-10-01,85.7076388888889,1.0172222222222231
2003-11-01,24.59826388888889,-0.8346527777777769
2003-12-01,112.73472222222222,-1.3915277777777766
2004-01-01,244.9642361111111,0.8794791666666674
2004-02-01,63.458333333333336,0.018611111111112195
2004-03-01,27.066666666666666,-1.4327430555555547
2004-04-01,56.177777777777784,-1.6255208333333322
2004-05-01,20.644444444444446,-2.253124999999999
2004-06-01,8.199652777777779,-2.4589930555555544
2004-07-01,0.867361111111111,-2.5241319444444437
2004-08-01,8.887847222222222,-2.1726736111111102
2004-09-01,0.8965277777777777,-2.4803124999999993
2004-10-01,6.471875000000001,-2.9845486111111104
2004-11-01,70.69791666666667,-2.7856249999999987
2004-12-01,59.35902777777778,-3.3947222222222213
2005-01-01,132.41284722222224,-3.6740277777777774
2005-02-01,149.3982638888889,-2.608645833333332
2005-03-01,95.45520833333333,-1.9246874999999994
2005-04-01,25.028819444444448,-2.2167361111111106
2005-05-01,51.954166666666666,-2.1435763888888877
2005-06-01,9.254166666666668,-2.3093055555555546
2005-07-01,17.791666666666668,-1.7232986111111102
2005-08-01,3.9128472222222226,-1.657465277777777
2005-09-01,18.131944444444443,-1.5249305555555546
2005-10-01,30.646874999999998,-1.5001736111111104
2005-11-01,102.328125,-0.7004513888888881
2005-12-01,102.06736111111111,-0.9857291666666659
2006-01-01,112.29513888888889,-1.0152777777777768
2006-02-01,111.51284722222222,-0.5519097222222215
2006-03-01,92.85972222222223,0.44760416666666714
2006-04-01,27.678125,-0.4624305555555547
2006-05-01,23.92256944444445,-1.127152777777777
2006-06-01,17.267361111111114,-1.2330555555555547
2006-07-01,8.332986111111111,-1.1290277777777769
2006-08-01,1.4847222222222223,-1.23829861111111
2006-09-01,24.14166666666667,-0.9926736111111103
2006-10-01,95.64791666666666,1.5013541666666679
2006-11-01,36.166666666666664,0.7631944444444452
2006-12-01,12.946874999999999,-1.710138888888888
2007-01-01,71.35347222222224,-2.6593749999999994
2007-02-01,50.829861111111114,-3.156354166666666
2007-03-01,47.86805555555556,-3.7349652777777766
2007-04-01,11.941666666666668,-5.120208333333333
2007-05-01,49.06736111111112,-5.340694444444444
2007-06-01,15.665625000000002,-5.196076388888888
2007-07-01,1.1250000000000002,-5.087326388888887
2007-08-01,1.826041666666667,-4.8368055555555545
2007-09-01,9.686458333333334,-4.680624999999999
2007-10-01,69.97465277777778,-3.5170833333333325
2007-11-01,113.203125,-2.3741319444444438
2007-12-01,134.37187500000002,-1.9778819444444433
2008-01-01,37.30381944444444,-2.6976736111111106
2008-02-01,27.395138888888887,-3.309999999999999
2008-03-01,67.12986111111111,-3.2660069444444435
2008-04-01,48.20243055555556,-3.2190624999999997
2008-05-01,5.424652777777778,-3.956354166666666
2008-06-01,4.731597222222223,-4.158402777777777
2008-07-01,0.729513888888889,-4.075694444444443
2008-08-01,5.536458333333334,-3.732187499999999
2008-09-01,47.88923611111112,-2.623402777777777
2008-10-01,24.117361111111112,-2.619374999999999
2008-11-01,55.239583333333336,-2.654687499999999
2008-12-01,79.50486111111111,-3.231874999999999
2009-01-01,190.1451388888889,-2.803715277777777
2009-02-01,199.47534722222224,-0.8484374999999993
2009-03-01,101.67118055555557,1.2528819444444452
2009-04-01,66.11840277777779,2.163506944444445
2009-05-01,27.431944444444447,1.9622222222222225
2009-06-01,14.165972222222223,1.4255208333333345
2009-07-01,2.3038194444444446,1.0154513888888899
2009-08-01,2.0968750000000003,0.5177777777777787
2009-09-01,69.35486111111112,1.8313194444444454
2009-10-01,45.03125,1.7853472222222229
2009-11-01,79.49722222222223,1.7372222222222231
2009-12-01,188.01944444444447,1.9489236111111117
2010-01-01,182.86805555555554,2.3719791666666676
2010-02-01,192.90347222222223,3.405277777777779
2010-03-01,48.63472222222222,2.50232638888889
2010-04-01,34.239583333333336,1.7247916666666674
2010-05-01,24.79409722222222,0.02604166666666743
2010-06-01,59.171180555555566,0.8704513888888898
2010-07-01,4.35,0.6134722222222229
2010-08-01,4.872569444444445,0.46246527777777857
2010-09-01,17.012847222222224,0.27607638888888963
2010-10-01,95.23298611111112,1.9552083333333339
2010-11-01,45.47673611111111,1.3237500000000009
2010-12-01,166.15798611111114,1.1146875000000012
2011-01-01,97.52465277777777,0.5905555555555563
2011-02-01,62.55243055555555,-0.858159722222221
2011-03-01,47.86666666666667,-1.4488194444444438
2011-04-01,70.66388888888889,-0.9185763888888879
2011-05-01,99.85520833333334,1.5816666666666677
2011-06-01,33.287847222222226,2.407777777777779
2011-07-01,0.9427083333333334,1.9724652777777787
2011-08-01,1.228125,1.582881944444445
2011-09-01,24.934722222222224,1.5106597222222231
2011-10-01,100.25208333333335,2.7768055555555566
2011-11-01,0.42812500000000003,1.1286111111111117
2011-12-01,154.4888888888889,0.5313888888888896
2012-01-01,204.4763888888889,1.6685069444444456
2012-02-01,115.62604166666668,1.8187847222222229
2012-03-01,43.295833333333334,0.8110416666666674
2012-04-01,89.76840277777778,1.406875000000001
2012-05-01,76.74305555555556,2.0727430555555566
2012-06-01,11.45277777777778,2.0297916666666675
2012-07-01,2.555902777777778,1.5693750000000009
2012-08-01,4.581597222222222,1.237847222222223
2012-09-01,2.363541666666667,0.33628472222222316
2012-10-01,30.13090277777778,-0.020243055555555008
2012-11-01,36.96215277777779,-1.4807638888888883
2012-12-01,190.62986111111115,-1.2283333333333326
2013-01-01,164.60312499999998,-0.38743055555555483
2013-02-01,130.00729166666667,0.5862847222222233
2013-03-01,78.47395833333333,0.5106944444444455
2013-04-01,51.16979166666667,0.5197569444444452
2013-05-01,50.44895833333334,0.26368055555555636
2013-06-01,20.284375,0.013368055555556571
2013-07-01,7.323958333333334,-0.017638888888887944
2013-08-01,6.630208333333333,-0.02718749999999908
2013-09-01,6.858333333333333,-0.5525347222222214
2013-10-01,64.8013888888889,0.5264583333333344
2013-11-01,69.75416666666668,0.20510416666666742
2013-12-01,26.835069444444446,-1.1304861111111102
2014-01-01,97.14236111111113,-2.0278472222222215
2014-02-01,41.061458333333334,-2.6812152777777767
2014-03-01,57.24236111111111,-3.062465277777777
2014-04-01,80.49097222222223,-2.794097222222222
2014-05-01,50.20798611111112,-2.62923611111111
2014-06-01,58.87569444444445,-1.174027777777777
2014-07-01,4.645138888888889,-1.1750694444444434
2014-08-01,8.606597222222222,-0.9520486111111103
2014-09-01,61.5013888888889,1.3173611111111119
2014-10-01,54.909375,1.8648958333333345
2014-11-01,39.94201388888889,1.1251388888888898
2014-12-01,210.20381944444446,1.372083333333334
2015-01-01,118.30312500000001,1.184618055555556
2015-02-01,119.16909722222223,1.386284722222223
2015-03-01,95.55451388888889,1.721458333333334
2015-04-01,32.12777777777777,1.141909722222223
2015-05-01,46.36145833333333,0.3370833333333343
2015-06-01,81.39166666666668,1.8833680555555565
2015-07-01,5.917361111111112,1.5709027777777786
2015-08-01,43.459722222222226,2.8575694444444455
2015-09-01,27.50625,2.761666666666668
2015-10-01,57.769791666666656,2.9017708333333343
2015-11-01,72.09340277777778,2.4527430555555565
2015-12-01,2.2670138888888887,0.3661111111111119
2016-01-01,192.65902777777782,-0.9971180555555547
2016-02-01,66.65625,-2.065416666666666
2016-03-01,116.01319444444445,-1.2580902777777767
2016-04-01,19.447222222222223,-2.0154166666666655
2016-05-01,54.4388888888889,-2.159131944444444
2016-06-01,27.083680555555556,-2.0244444444444434
2016-07-01,2.576388888888889,-2.0978472222222213
2016-08-01,16.83159722222222,-1.4996527777777768
2016-09-01,35.04618055555555,-0.8754861111111102
2016-10-01,6.985069444444445,-1.560416666666666
2016-11-01,42.22361111111112,-2.0400694444444434
2016-12-01,39.67638888888889,-2.936354166666666
2017-01-01,235.9559027777778,-2.437916666666666
2017-02-01,27.726041666666664,-3.0904166666666657
2017-03-01,61.50833333333334,-3.2248958333333326
2017-04-01,46.0795138888889,-3.425937499999999
2017-05-01,92.3267361111111,-2.615590277777777
2017-06-01,47.31458333333334,-1.5249652777777767
2017-07-01,6.522916666666667,-1.4281249999999992
2017-08-01,16.321180555555557,-0.6635069444444437
2017-09-01,9.331944444444446,-0.9111805555555548
2017-10-01,55.17291666666668,-0.34374999999999917
2017-11-01,41.77534722222222,-0.8836805555555547
2017-12-01,133.06180555555557,-1.4577777777777767
2018-01-01,83.79097222222222,-1.992951388888888
2018-02-01,123.3795138888889,-1.448124999999999
2018-03-01,63.944791666666674,-1.6714583333333326
2018-04-01,11.452083333333336,-2.732291666666666
2018-05-01,51.99861111111112,-2.987152777777777
2018-06-01,74.06597222222223,-1.6079513888888881
2018-07-01,16.511458333333334,-1.0840972222222214
2018-08-01,17.631597222222222,0.16020833333333417
2018-09-01,15.28125,0.07135416666666755
2018-10-01,25.936458333333334,-0.20180555555555443
2018-11-01,85.32326388888889,0.0021527777777785337
2018-12-01,155.30659722222222,0.26940972222222304
2019-01-01,252.04513888888894,2.103333333333334
2019-02-01,37.30451388888889,1.0597916666666676
2019-03-01,22.59166666666667,-1.9087152777777772
2019-04-01,65.27812499999999,-2.07267361111111
2019-05-01,23.152430555555558,-2.7366666666666664
2019-06-01,51.12430555555556,-1.9017013888888883
2019-07-01,11.214583333333334,-1.6389236111111103
2019-08-01,2.6479166666666667,-1.6600347222222211
2019-09-01,58.68611111111112,0.4738541666666676
2019-10-01,23.062847222222224,0.061493055555556494
2019-11-01,57.08229166666667,-0.6582291666666658
2019-12-01,105.5611111111111,-1.5207291666666658
2020-01-01,65.76388888888889,-2.2999652777777766
2020-02-01,119.07291666666667,-1.9842013888888883
2020-03-01,59.375,-2.162499999999999
2020-04-01,47.20034722222223,-2.257569444444444
2020-05-01,68.72083333333335,-1.9802777777777767
2020-06-01,40.14444444444445,-1.3427777777777772
2020-07-01,5.528472222222224,-1.3102777777777768
2020-08-01,9.651736111111113,-0.9933680555555546
2020-09-01,8.20486111111111,-1.2569444444444438
2020-10-01,44.60659722222223,-0.9140972222222215
2020-11-01,13.223263888888889,-2.1150694444444436
2020-12-01,91.44583333333334,-2.6992708333333324
2021-01-01,208.13333333333335,-2.096041666666666
2021-02-01,62.07395833333333,-2.5128819444444432
2021-03-01,100.9090277777778,-1.8151736111111103
2021-04-01,37.08645833333334,-1.9329166666666657
2021-05-01,10.927430555555556,-2.7688888888888883
2021-06-01,39.51909722222222,-2.1459722222222215
2021-07-01,2.6843750000000006,-2.183402777777777
2021-08-01,1.2770833333333333,-2.2105208333333324
2021-09-01,11.369444444444445,-2.2400347222222217
2021-10-01,48.83958333333333,-1.7909027777777768
2021-11-01,92.89618055555557,-1.3498611111111103
2021-12-01,182.71562500000002,-0.8102777777777769
2022-01-01,75.89375000000001,-1.2731597222222213
2022-02-01,107.89375000000001,-0.9868402777777772
2022-03-01,42.64479166666667,-1.4038888888888879
2022-04-01,26.64618055555556,-2.0351736111111105
2022-05-01,24.581597222222225,-2.8222916666666658
2022-06-01,49.581250000000004,-1.9996874999999987
2022-07-01,5.819444444444445,-1.9658333333333324
2022-08-01,22.989930555555556,-1.099965277777777
2022-09-01,3.3364583333333337,-1.4842708333333323
2022-10-01,10.084027777777777,-2.049340277777777
2022-11-01,46.74618055555556,-2.4352777777777774
2022-12-01,78.90104166666669,-3.049791666666666
2023-01-01,120.53993055555556,-3.5001736111111104
2023-02-01,14.373958333333333,-4.185381944444444
2023-03-01,87.72569444444444,-3.7144444444444438
2023-04-01,79.48124999999999,-2.9069444444444437
2023-05-01,126.82291666666667,0.11392361111111221
2023-06-01,114.15416666666667,5.325312500000002
2023-07-01,10.82951388888889,6.113229166666668
2023-08-01,14.786805555555556,5.866875000000001
2023-09-01,44.83090277777777,5.905520833333334
2023-10-01,10.90451388888889,4.669305555555557
2023-11-01,196.5840277777778,6.36795138888889
2023-12-01,110.59861111111111,5.972604166666668
2024-01-01,118.56041666666667,5.281180555555557
2024-02-01,28.079166666666666,3.82420138888889
2024-03-01,52.92118055555556,2.811875000000001
2024-04-01,23.024305555555557,0.5743055555555564
2024-05-01,48.161458333333336,-1.0714930555555549
2024-06-01,9.175347222222221,-2.5687847222222215
2024-07-01,21.512500000000003,-1.924791666666666
2024-08-01,17.215972222222224,-1.3675347222222214
2024-09-01,31.025694444444444,-0.9338194444444436
2024-10-01,1.4128472222222224,-1.9918055555555543
2024-11-01,53.119791666666664,-2.427916666666666
2024-12-01,263.48298611111113,-1.2157986111111105
2025-01-01,80.38576388888889,-1.5478472222222213
2025-02-01,42.02430555555556,-2.1475694444444438
2025-03-01,19.558680555555558,-3.1925694444444437
2025-04-01,77.45347222222222,-2.9538888888888883
2025-05-01,29.02326388888889,-3.371805555555555
2025-06-01,4.023958333333334,-3.7048958333333326
2025-07-01,2.9170138888888895,-3.605937499999999
2025-08-01,3.129513888888889,-3.4103124999999994
2025-09-01,21.4125,-3.0823263888888883
2025-10-01,65.72604166666666,-2.06579861111111
2025-11-01,39.86284722222222,-2.472152777777777
2025-12-01,41.65486111111111,-3.3177083333333326
